,DROP,PURCHASE
ADD_TO_CART,0.7743782881152029,0.225621711884797
START,0.975752983519606,0.024247016480394016
VIEW,0.9786306178514355,0.02136938214856445
