from_state,ADD_TO_CART,DROP,PURCHASE,START,VIEW
ADD_TO_CART,0.0,0.3552941176470588,0.2164705882352941,0.0,0.42823529411764705
DROP,0.0,1.0,0.0,0.0,0.0
PURCHASE,0.0,0.0,1.0,0.0,0.0
START,0.011365788975184693,0.0,0.0005682894487592347,0.0,0.9880659215760561
VIEW,0.06761763616154132,0.9262689885142645,0.006113375324194146,0.0,0.0
