,DROP,PURCHASE
ADD_TO_CART,0.7822372658197985,0.21776273418020167
START,0.9685562943761976,0.031443705623802554
VIEW,0.972061527806714,0.02793847219328613
