from_state,ADD_TO_CART,DROP,PURCHASE,START,VIEW
ADD_TO_CART,0.0,0.3389121338912134,0.20502092050209206,0.0,0.4560669456066946
DROP,0.0,1.0,0.0,0.0,0.0
PURCHASE,0.0,0.0,1.0,0.0,0.0
START,0.014425786092640594,0.0,0.0007889101769412826,0.0,0.9847853037304182
VIEW,0.09025506867233486,0.9014606496620885,0.00828428166557663,0.0,0.0
