segment,state,DROP,PURCHASE
low,ADD_TO_CART,0.9843484999405705,0.01565150005942951
low,START,0.9976523883439569,0.002347611656043242
low,VIEW,0.997989199638129,0.00201080036187098
medium,ADD_TO_CART,0.4230764603221041,0.5769235396778958
medium,START,0.5971988205560236,0.4028011794439764
medium,VIEW,0.6268692882490244,0.37313071175097556
high,ADD_TO_CART,0.03508920387469264,0.9649107961253074
high,START,0.0857487922705314,0.9142512077294688
high,VIEW,0.09128409059560023,0.9087159094043998
