segment,state,DROP,PURCHASE
new,ADD_TO_CART,0.8182161505449143,0.1817838494550857
new,START,0.9697388554386964,0.03026114456130349
new,VIEW,0.9722652175779521,0.027734782422047834
repeat,ADD_TO_CART,0.47672820167009355,0.5232717983299064
repeat,START,0.7701749564898782,0.22982504351012187
repeat,VIEW,0.7831749903247605,0.21682500967523946
