segment,state,expected_steps_PURCHASE,expected_steps_DROP
new,ADD_TO_CART,1.7925385865120356,1.6206600564828948
new,START,3.2180751799520126,2.1359280108704697
new,VIEW,2.3456917780108038,1.1321061239464092
repeat,ADD_TO_CART,2.0248974674591214,1.8576948703893206
repeat,START,3.594260661618174,2.2785442435775454
repeat,VIEW,2.7150481743839308,1.2697332101341399
