segment,state,expected_time_seconds_PURCHASE,expected_time_seconds_DROP
new,ADD_TO_CART,571.0746001829195,125.34452952808128
new,START,1176.583464617648,100.6036911704537
new,VIEW,873.9469463314115,34.52993891148493
repeat,ADD_TO_CART,785.0481078245025,239.4362259506801
repeat,START,2095.884255053484,234.9285579356652
repeat,VIEW,1627.0472934158167,112.4454842465847
