,DROP,PURCHASE
ADD_TO_CART,0.8210351708586681,0.17896482914133205
START,0.9734093067426401,0.026590693257359927
VIEW,0.975720156658396,0.024279843341604178
