from_state,ADD_TO_CART,DROP,PURCHASE,START,VIEW
ADD_TO_CART,0.0,0.40415704387990764,0.16859122401847576,0.0,0.42725173210161665
DROP,0.0,1.0,0.0,0.0,0.0
PURCHASE,0.0,0.0,1.0,0.0,0.0
START,0.010446343779677113,0.0,0.0007122507122507123,0.0,0.9888414055080722
VIEW,0.08942528735632184,0.9022988505747126,0.008275862068965517,0.0,0.0
