,DROP,PURCHASE
ADD_TO_CART,0.8182161505449143,0.1817838494550857
START,0.9697388554386964,0.03026114456130349
VIEW,0.9722652175779521,0.027734782422047834
