from_state,ADD_TO_CART,DROP,PURCHASE,START,VIEW
ADD_TO_CART,0.0,0.33709968576586213,0.16805954848343027,0.0,0.49484076575070757
DROP,0.0,1.0,0.0,0.0,0.0
PURCHASE,0.0,0.0,1.0,0.0,0.0
START,0.010815811199285758,0.0,0.0008847344317665376,0.0,0.9882994543689477
VIEW,0.1048173541758614,0.886501965533876,0.008680680290262652,0.0,0.0
