,DROP,PURCHASE
ADD_TO_CART,0.7925041313977255,0.2074958686022745
START,0.9640472333977743,0.03595276660222568
VIEW,0.9670240034582943,0.032975996541705584
