,DROP,PURCHASE
ADD_TO_CART,0.8091871661402616,0.19081283385973843
START,0.9699738903394257,0.030026109660574417
VIEW,0.9735950528347695,0.02640494716523055
