from_state,ADD_TO_CART,DROP,PURCHASE,START,VIEW
ADD_TO_CART,0.0,0.3801452784503632,0.1791767554479419,0.0,0.4406779661016949
DROP,0.0,1.0,0.0,0.0,0.0
PURCHASE,0.0,0.0,1.0,0.0,0.0
START,0.020307513780098638,0.0,0.0002901073397156948,0.0,0.9794023788801857
VIEW,0.09640247329960652,0.8955874086565486,0.008010118043844857,0.0,0.0
