,DROP,PURCHASE
ADD_TO_CART,0.8447733438575453,0.1552266561424547
START,0.976147342995169,0.023852657004830916
VIEW,0.9779035577653555,0.022096442234644565
