from_state,ADD_TO_CART,DROP,PURCHASE,START,VIEW
ADD_TO_CART,0.0,0.3390501319261214,0.1437994722955145,0.0,0.5171503957783641
DROP,0.0,1.0,0.0,0.0,0.0
PURCHASE,0.0,0.0,1.0,0.0,0.0
START,0.008756038647342996,0.0,0.0006038647342995169,0.0,0.9906400966183575
VIEW,0.1006614897900489,0.8928674144377337,0.0064710957722174285,0.0,0.0
