,DROP,PURCHASE
ADD_TO_CART,0.9095283085704771,0.09047169142952297
START,0.9885947923391436,0.011405207660856467
VIEW,0.9890052607818103,0.010994739218189801
