from_state,ADD_TO_CART,DROP,PURCHASE,START,VIEW
ADD_TO_CART,0.0,0.3213429256594724,0.08393285371702638,0.0,0.5947242206235012
DROP,0.0,1.0,0.0,0.0,0.0
PURCHASE,0.0,0.0,1.0,0.0,0.0
START,0.005164622336991607,0.0,0.0,0.0,0.9948353776630084
VIEW,0.08068158489016629,0.9156230753438719,0.003695339765961815,0.0,0.0
