,DROP,PURCHASE
ADD_TO_CART,0.8849873259853743,0.11501267401462573
START,0.9846019247594051,0.015398075240594925
VIEW,0.9854954203480698,0.014504579651930256
