from_state,ADD_TO_CART,DROP,PURCHASE,START,VIEW
ADD_TO_CART,0.0,0.3413284132841328,0.1070110701107011,0.0,0.551660516605166
DROP,0.0,1.0,0.0,0.0,0.0
PURCHASE,0.0,0.0,1.0,0.0,0.0
START,0.007174103237095363,0.0,0.00017497812773403323,0.0,0.9926509186351706
VIEW,0.08389149363697254,0.9112525117213663,0.004855994641661085,0.0,0.0
