segment,state,DROP,PURCHASE
single,ADD_TO_CART,0.8212818285987956,0.17871817140120455
single,START,0.9703945000839703,0.029605499916029784
single,VIEW,0.9729249579033927,0.027075042096607403
multiple,ADD_TO_CART,0.3893087701400173,0.6106912298599827
multiple,START,0.6526742513403947,0.34732574865960497
multiple,VIEW,0.6661859578166872,0.33381404218331256
