segment,state,expected_steps_PURCHASE,expected_steps_DROP
single,ADD_TO_CART,1.767273760347637,1.6212989659299768
single,START,3.1910678912299657,2.1361162770893367
single,VIEW,2.322117314518155,1.1322525596606001
multiple,ADD_TO_CART,2.1125686131830204,1.951688933537655
multiple,START,3.686370481927711,2.3624524143458228
multiple,VIEW,2.790568210644407,1.3539492044143957
