segment,state,expected_time_seconds_PURCHASE,expected_time_seconds_DROP
single,ADD_TO_CART,556.2256365611812,125.0936780034319
single,START,1140.8552790293347,100.52819368576948
single,VIEW,844.9558226223039,34.5683643657698
multiple,ADD_TO_CART,851.9596464161559,306.2157313482453
multiple,START,2182.4172032903775,314.96129136339374
multiple,VIEW,1695.8267431783402,163.32552887688507
