,DROP,PURCHASE
ADD_TO_CART,0.8245222329292804,0.1754777670707195
START,0.9750304506699148,0.024969549330085265
VIEW,0.9775946999117557,0.022405300088244266
