from_state,ADD_TO_CART,DROP,PURCHASE,START,VIEW
ADD_TO_CART,0.0,0.3256006628003314,0.164043082021541,0.0,0.5103562551781275
DROP,0.0,1.0,0.0,0.0,0.0
PURCHASE,0.0,0.0,1.0,0.0,0.0
START,0.014529319645032191,0.0,0.0003480076561684357,0.0,0.9851226726987994
VIEW,0.08710947315520563,0.9057710025965324,0.007119524248261998,0.0,0.0
