,DROP,PURCHASE
ADD_TO_CART,0.8699935390855414,0.1300064609144587
START,0.9769748090732931,0.02302519092670694
VIEW,0.9789240440880497,0.021075955911950384
