from_state,ADD_TO_CART,DROP,PURCHASE,START,VIEW
ADD_TO_CART,0.0,0.47588126159554733,0.12152133580705009,0.0,0.4025974025974026
DROP,0.0,1.0,0.0,0.0,0.0
PURCHASE,0.0,0.0,1.0,0.0,0.0
START,0.016869941867092213,0.0,0.00011398609369656902,0.0,0.9830160720392113
VIEW,0.10267167145065136,0.8896003532788695,0.0077279752704791345,0.0,0.0
