,DROP,PURCHASE
ADD_TO_CART,0.47672820167009355,0.5232717983299064
START,0.7701749564898782,0.22982504351012187
VIEW,0.7831749903247605,0.21682500967523946
