from_state,ADD_TO_CART,DROP,PURCHASE,START,VIEW
ADD_TO_CART,0.0,0.10533274570295284,0.42044953724107537,0.0,0.4742177170559718
DROP,0.0,1.0,0.0,0.0,0.0
PURCHASE,0.0,0.0,1.0,0.0,0.0
START,0.025098470275716774,0.0,0.006778418979573143,0.0,0.9681231107447101
VIEW,0.33519377407436524,0.6233786651992768,0.04142756072635799,0.0,0.0
