,DROP,PURCHASE
ADD_TO_CART,0.7761457342452147,0.22385426575478543
START,0.9564935064935065,0.04350649350649351
VIEW,0.9604980391826742,0.039501960817325904
