from_state,ADD_TO_CART,DROP,PURCHASE,START,VIEW
ADD_TO_CART,0.0,0.32538955087076077,0.20531622364802934,0.0,0.4692942254812099
DROP,0.0,1.0,0.0,0.0,0.0
PURCHASE,0.0,0.0,1.0,0.0,0.0
START,0.017662337662337664,0.0,0.0007792207792207792,0.0,0.9815584415584415
VIEW,0.11833952912019827,0.8686493184634448,0.013011152416356878,0.0,0.0
